<?xml version="1.0" encoding="utf-8"?>
<skinset name="Default" image="window.png">
    <widget type="Window" xpos="190" ypos="0">
        <option name="padding" value="3" />
        <option name="imagePadding" value="8" />
        <option name="imageSize" value="13" />
        <option name="spacing" value="10" />
        <option name="drawBox" value="1" />

        <part type="normal" xpos="0" ypos="0" width="13" height="13" />
        <part type="checked" xpos="0" ypos="13" width="13" height="13" />
        <part type="normal-highlighted" xpos="13" ypos="0" width="13" height="13" />
        <part type="checked-highlighted" xpos="13" ypos="13" width="13" height="13" />
        <part type="disabled" xpos="26" ypos="0" width="13" height="13" />
        <part type="disabled-checked" xpos="26" ypos="13" width="13" height="13" />
    </widget>
</skinset>
