<?xml version="1.0" encoding="utf-8"?>
<skinset name="Default" image="window.png">
    <widget type="Window">
        <option name="padding" value="7" />
        <option name="clickborder" value="7" />

        <!-- Top Row -->
        <part type="top-left-corner" xpos="153" ypos="186" width="36" height="36" />
        <part type="top-edge" xpos="0" ypos="0" width="0" height="0" />
        <part type="top-right-corner" xpos="0" ypos="0" width="0" height="0" />

        <!-- Middle Row -->
        <part type="left-edge" xpos="0" ypos="0" width="0" height="0" />
        <part type="bg-quad" xpos="0" ypos="0" width="1" height="1" />
        <part type="right-edge" xpos="0" ypos="0" width="0" height="0" />

        <!-- Bottom Row -->
        <part type="bottom-left-corner" xpos="0" ypos="0" width="0" height="0" />
        <part type="bottom-edge" xpos="0" ypos="0" width="0" height="0" />
        <part type="bottom-right-corner" xpos="0" ypos="0" width="0" height="0" />
    </widget>
</skinset>
