<?xml version="1.0" encoding="utf-8"?>
<skinset name="Default" image="window.png">
    <widget type="Window" xpos="41" ypos="100">
        <option name="showbuttons" value="0" />
        <option name="scrollbarsize" value="22" />
        <option name="markersize" value="22" />
        <part type="left" xpos="0" ypos="0" width="12" height="12" />
        <part type="right" xpos="0" ypos="16" width="12" height="12" />
        <part type="down" xpos="0" ypos="32" width="22" height="12" />
        <part type="up" xpos="0" ypos="48" width="22" height="12" />
    </widget>
</skinset>
