<?xml version="1.0" encoding="utf-8"?>
<colors>
    <palette id="0">
        <color id="BROWSERBOX" color="#000000" />
        <color id="SELFNICK" color="#402600" />
        <color id="TEXT" color="#402600" />
        <color id="TEXT_DISABLED" color="#402600" />
        <color id="CARET" color="#80561f" />
        <color id="SHADOW" color="#000000" />
        <color id="OUTLINE" color="#000000" />
        <color id="BORDER" color="#000000" />
        <color id="PROGRESS_BAR" color="#ffffff" />
        <color id="PROGRESS_BAR_OUTLINE" color="#000000" />
        <color id="BUTTON" color="#efd7a7" />
        <color id="BUTTON_OUTLINE" color="#473005" />
        <color id="BUTTON_HIGHLIGHTED" color="#f9eabc" />
        <color id="BUTTON_HIGHLIGHTED_OUTLINE" color="#63450a" />
        <color id="BUTTON_PRESSED" color="#f9eabc" />
        <color id="BUTTON_PRESSED_OUTLINE" color="#63450a" />
        <color id="BUTTON_DISABLED" color="#aaaaaa" />
        <color id="BUTTON_DISABLED_OUTLINE" color="#000000" />
        <color id="CHECKBOX" color="#000000" />
        <color id="DROPDOWN" color="#000000" />
        <color id="LABEL" color="#000000" />
        <color id="LISTBOX" color="#000000" />
        <color id="LISTBOX_SELECTED" color="#000000" />
        <color id="RADIOBUTTON" color="#000000" />
        <color id="POPUP" color="#f9eabc" />
        <color id="TAB" color="#efd7a7" />
        <color id="TAB_OUTLINE" color="#473005" />
        <color id="TAB_HIGHLIGHTED" color="#f8eacf" />
        <color id="TAB_HIGHLIGHTED_OUTLINE" color="#63450a" />
        <color id="TAB_SELECTED" color="#f8eacf" />
        <color id="TAB_SELECTED_OUTLINE" color="#63450a" />
        <color id="BATTLE_CHAT_TAB" color="#efd7a7" />
        <color id="BATTLE_CHAT_TAB_OUTLINE" color="#473005" />
        <color id="BATTLE_CHAT_TAB_HIGHLIGHTED" color="#f8eacf" />
        <color id="BATTLE_CHAT_TAB_HIGHLIGHTED_OUTLINE" color="#63450a" />
        <color id="BATTLE_CHAT_TAB_SELECTED" color="#f8eacf" />
        <color id="BATTLE_CHAT_TAB_SELECTED_OUTLINE" color="#63450a" />
        <color id="CHANNEL_CHAT_TAB" color="#efd7a7" />
        <color id="CHANNEL_CHAT_TAB_OUTLINE" color="#473005" />
        <color id="CHANNEL_CHAT_TAB_HIGHLIGHTED" color="#f8eacf" />
        <color id="CHANNEL_CHAT_TAB_HIGHLIGHTED_OUTLINE" color="#63450a" />
        <color id="CHANNEL_CHAT_TAB_SELECTED" color="#f8eacf" />
        <color id="CHANNEL_CHAT_TAB_SELECTED_OUTLINE" color="#63450a" />
        <color id="TEXTBOX" color="#000000" />
        <color id="TEXTFIELD" color="#000000" />
        <color id="WINDOW" color="#f1d9a9" />
        <color id="WINDOW_OUTLINE" color="#000000" />
        <color id="BACKGROUND" color="#ffffff" />
        <color id="BACKGROUND_GRAY" color="#404040" />
        <color id="SCROLLBAR_GRAY" color="#000000" />
        <color id="DROPDOWN_SHADOW" color="#c0c0c0" />
        <color id="HIGHLIGHT" color="#ebc873" />
        <color id="TAB_FLASH" color="#fec4ff" effect="pulse" />
        <color id="TAB_PLAYER_FLASH" color="#00ff00" effect="pulse" />
        <color id="SHOP_WARNING" color="#e07a7a" />
        <color id="ITEM_EQUIPPED" color="#000091" />
        <color id="ITEM_NOT_EQUIPPED" color="#000000" />
        <color id="CHAT" color="#f1d9a9" />
        <color id="GM" color="#fec4ff" />
        <color id="GLOBAL" color="#fec4ff" />
        <color id="PLAYER" color="#eeeeee" />
        <color id="IS" color="#edbedb" />
        <color id="SERVER" color="#edbedb" />
        <color id="LOGGER" color="#919191" />
        <color id="HYPERLINK" color="#ab15bd" />
        <color id="UNKNOWN_ITEM" color="#ffffff" />
        <color id="CHARM" color="#ffffff" />
        <color id="GENERIC" color="#eeeeee" />
        <color id="CARD" color="#eeeeee" />
        <color id="HEAD" color="#b4d7ec" />
        <color id="USABLE" color="#ece9b4" />
        <color id="TORSO" color="#b4d7ec" />
        <color id="ONEHAND" color="#b4d7ec" />
        <color id="LEGS" color="#b4d7ec" />
        <color id="FEET" color="#b4d7ec" />
        <color id="TWOHAND" color="#b4d7ec" />
        <color id="SHIELD" color="#b4d7ec" />
        <color id="RING" color="#b4d7ec" />
        <color id="NECKLACE" color="#b4d7ec" />
        <color id="ARMS" color="#b4d7ec" />
        <color id="AMMO" color="#b4d7ec" />
        <color id="SERVER_VERSION_NOT_SUPPORTED" color="#DC0000" />
        <color id="WARNING" color="#FF0000" />
        <color id="PLAYER_ADVANCED" color="#005000" />
        <color id="BUBBLE_NAME" color="#cccccc" />
        <color id="BUBBLE_TEXT" color="#ffffff" />
        <color id="BLACK" color="#000000" />
        <color id="RED" color="#ff0000" />
        <color id="GREEN" color="#009000" />
        <color id="BLUE" color="#0000ff" />
        <color id="ORANGE" color="#e0980e" />
        <color id="YELLOW" color="#f1dc27" />
        <color id="PINK" color="#ff00d8" />
        <color id="PURPLE" color="#8415e2" />
        <color id="GRAY" color="#919191" />
        <color id="BROWN" color="#774217" />
        <color id="OLDCHAT" color="#774217" />
        <color id="STATUSBAR_ON" color="#646464" />
        <color id="STATUSBAR_OFF" color="#ffff00" />
        <color id="TABLE_BACKGROUND" color="#bfbfbf" />
        <color id="SLOTS_BAR" color="#ffffff" />
        <color id="SLOTS_BAR_OUTLINE" color="#000000" />
        <color id="HP_BAR" color="#ffffff" />
        <color id="HP_BAR_OUTLINE" color="#000000" />
        <color id="MP_BAR" color="#ffffff" />
        <color id="MP_BAR_OUTLINE" color="#000000" />
        <color id="NO_MP_BAR" color="#ffffff" />
        <color id="NO_MP_BAR_OUTLINE" color="#000000" />
        <color id="XP_BAR" color="#ffffff" />
        <color id="XP_BAR_OUTLINE" color="#000000" />
        <color id="WEIGHT_BAR" color="#ffffff" />
        <color id="WEIGHT_BAR_OUTLINE" color="#000000" />
        <color id="MONEY_BAR" color="#ffffff" />
        <color id="MONEY_BAR_OUTLINE" color="#000000" />
        <color id="ARROWS_BAR" color="#ffffff" />
        <color id="ARROWS_BAR_OUTLINE" color="#000000" />
        <color id="STATUS_BAR" color="#ffffff" />
        <color id="STATUS_BAR_OUTLINE" color="#000000" />
        <color id="JOB_BAR" color="#ffffff" />
        <color id="JOB_BAR_OUTLINE" color="#000000" />
        <color id="SKILL_COOLDOWN" color="#5090ff" />
    </palette>

    <palette id="1">
        <color id="SELFNICK" color="#402600" />
        <color id="TEXT" color="#402600" />
        <color id="TEXT_DISABLED" color="#402600" />
        <color id="CARET" color="#80561f" />
        <color id="SHADOW" color="#000000" />
        <color id="OUTLINE" color="#000000" />
        <color id="BORDER" color="#000000" />
        <color id="PROGRESS_BAR" color="#ffffff" />
        <color id="PROGRESS_BAR_OUTLINE" color="#000000" />
        <color id="BUTTON" color="#efd7a7" />
        <color id="BUTTON_OUTLINE" color="#000000" />
        <color id="BUTTON_HIGHLIGHTED" color="#f9eabc" />
        <color id="BUTTON_HIGHLIGHTED_OUTLINE" color="#000000" />
        <color id="BUTTON_PRESSED" color="#f9eabc" />
        <color id="BUTTON_PRESSED_OUTLINE" color="#000000" />
        <color id="BUTTON_DISABLED" color="#aaaaaa" />
        <color id="BUTTON_DISABLED_OUTLINE" color="#000000" />
        <color id="CHECKBOX" color="#000000" />
        <color id="DROPDOWN" color="#000000" />
        <color id="LABEL" color="#000000" />
        <color id="LISTBOX" color="#000000" />
        <color id="LISTBOX_SELECTED" color="#000000" />
        <color id="RADIOBUTTON" color="#000000" />
        <color id="POPUP" color="#fbf4c4" />
        <color id="POPUP_OUTLINE" color="#42403a" />
        <color id="TEXTBOX" color="#000000" />
        <color id="TEXTFIELD" color="#000000" />
        <color id="WINDOW" color="#f1d9a9" />
        <color id="TAB" color="#efd7a7" />
        <color id="TAB_OUTLINE" color="#473005" />
        <color id="TAB_HIGHLIGHTED" color="#f8eacf" />
        <color id="TAB_HIGHLIGHTED_OUTLINE" color="#63450a" />
        <color id="TAB_SELECTED" color="#f8eacf" />
        <color id="TAB_SELECTED_OUTLINE" color="#63450a" />
        <color id="BATTLE_CHAT_TAB" color="#efd7a7" />
        <color id="BATTLE_CHAT_TAB_OUTLINE" color="#473005" />
        <color id="BATTLE_CHAT_TAB_HIGHLIGHTED" color="#f8eacf" />
        <color id="BATTLE_CHAT_TAB_HIGHLIGHTED_OUTLINE" color="#63450a" />
        <color id="BATTLE_CHAT_TAB_SELECTED" color="#f8eacf" />
        <color id="BATTLE_CHAT_TAB_SELECTED_OUTLINE" color="#63450a" />
        <color id="CHANNEL_CHAT_TAB" color="#efd7a7" />
        <color id="CHANNEL_CHAT_TAB_OUTLINE" color="#473005" />
        <color id="CHANNEL_CHAT_TAB_HIGHLIGHTED" color="#f8eacf" />
        <color id="CHANNEL_CHAT_TAB_HIGHLIGHTED_OUTLINE" color="#63450a" />
        <color id="CHANNEL_CHAT_TAB_SELECTED" color="#f8eacf" />
        <color id="CHANNEL_CHAT_TAB_SELECTED_OUTLINE" color="#63450a" />
        <color id="TAB_FLASH" color="#a7ff2a" />
        <color id="TAB_FLASH_OUTLINE" color="#142200" />
        <color id="TAB_PLAYER_FLASH" color="#ff96f6" />
        <color id="PARTY_CHAT_TAB" color="#efd7a7" />
        <color id="PARTY_CHAT_TAB_OUTLINE" color="#473005" />
        <color id="PARTY_CHAT_TAB_HIGHLIGHTED" color="#f8eacf" />
        <color id="PARTY_CHAT_TAB_HIGHLIGHTED_OUTLINE" color="#63450a" />
        <color id="PARTY_CHAT_TAB_SELECTED" color="#f8eacf" />
        <color id="PARTY_CHAT_TAB_SELECTED_OUTLINE" color="#63450a" />
        <color id="PARTY_SOCIAL_TAB" color="#efd7a7" />
        <color id="PARTY_SOCIAL_TAB_OUTLINE" color="#473005" />
        <color id="PARTY_SOCIAL_TAB_HIGHLIGHTED" color="#f8eacf" />
        <color id="PARTY_SOCIAL_TAB_HIGHLIGHTED_OUTLINE" color="#63450a" />
        <color id="PARTY_SOCIAL_TAB_SELECTED" color="#f8eacf" />
        <color id="PARTY_SOCIAL_TAB_SELECTED_OUTLINE" color="#63450a" />
        <color id="GUILD_CHAT_TAB" color="#efd7a7" />
        <color id="GUILD_CHAT_TAB_OUTLINE" color="#473005" />
        <color id="GUILD_CHAT_TAB_HIGHLIGHTED" color="#f8eacf" />
        <color id="GUILD_CHAT_TAB_HIGHLIGHTED_OUTLINE" color="#63450a" />
        <color id="GUILD_CHAT_TAB_SELECTED" color="#f8eacf" />
        <color id="GUILD_CHAT_TAB_SELECTED_OUTLINE" color="#63450a" />
        <color id="GUILD_SOCIAL_TAB" color="#efd7a7" />
        <color id="GUILD_SOCIAL_TAB_OUTLINE" color="#473005" />
        <color id="GUILD_SOCIAL_TAB_HIGHLIGHTED" color="#f8eacf" />
        <color id="GUILD_SOCIAL_TAB_HIGHLIGHTED_OUTLINE" color="#63450a" />
        <color id="GUILD_SOCIAL_TAB_SELECTED" color="#f8eacf" />
        <color id="GUILD_SOCIAL_TAB_SELECTED_OUTLINE" color="#63450a" />
        <color id="CLAN_CHAT_TAB" color="#efd7a7" />
        <color id="CLAN_CHAT_TAB_OUTLINE" color="#473005" />
        <color id="CLAN_CHAT_TAB_HIGHLIGHTED" color="#f8eacf" />
        <color id="CLAN_CHAT_TAB_HIGHLIGHTED_OUTLINE" color="#63450a" />
        <color id="CLAN_CHAT_TAB_SELECTED" color="#f8eacf" />
        <color id="CLAN_CHAT_TAB_SELECTED_OUTLINE" color="#63450a" />
        <color id="GM_CHAT_TAB" color="#efd7a7" />
        <color id="GM_CHAT_TAB_OUTLINE" color="#473005" />
        <color id="GM_CHAT_TAB_HIGHLIGHTED" color="#f8eacf" />
        <color id="GM_CHAT_TAB_HIGHLIGHTED_OUTLINE" color="#63450a" />
        <color id="GM_CHAT_TAB_SELECTED" color="#f8eacf" />
        <color id="GM_CHAT_TAB_SELECTED_OUTLINE" color="#63450a" />
        <color id="WHISPER_TAB" color="#efd7a7" />
        <color id="WHISPER_TAB_OUTLINE" color="#473005" />
        <color id="WHISPER_TAB_OFFLINE" color="#444444" />
        <color id="WHISPER_TAB_OFFLINE_OUTLINE" color="#000000" />
        <color id="WHISPER_TAB_HIGHLIGHTED" color="#f8eacf" />
        <color id="WHISPER_TAB_HIGHLIGHTED_OUTLINE" color="#63450a" />
        <color id="WHISPER_TAB_OFFLINE_HIGHLIGHTED" color="#fffbed" />
        <color id="WHISPER_TAB_OFFLINE_HIGHLIGHTED_OUTLINE" color="#000000" />
        <color id="WHISPER_TAB_SELECTED" color="#f8eacf" />
        <color id="WHISPER_TAB_SELECTED_OUTLINE" color="#63450a" />
        <color id="WHISPER_TAB_OFFLINE_SELECTED" color="#444444" />
        <color id="WHISPER_TAB_OFFLINE_SELECTED_OUTLINE" color="#000000" />
        <color id="BACKGROUND" color="#ffffff" />
        <color id="BACKGROUND_GRAY" color="#404040" />
        <color id="SCROLLBAR_GRAY" color="#000000" />
        <color id="DROPDOWN_SHADOW" color="#c0c0c0" />
        <color id="HIGHLIGHT" color="#ebc873" />
        <color id="SHOP_WARNING" color="#e07a7a" />
        <color id="ITEM_EQUIPPED" color="#000091" />
        <color id="ITEM_NOT_EQUIPPED" color="#000000" />
        <color id="BUBBLE_NAME" color="#cccccc" />
        <color id="BUBBLE_TEXT" color="#ffffff" />
        <color id="LOGGER" color="#919191" />
        <color id="HYPERLINK" color="#bcdff4" />
        <color id="HYPERLINK_OUTLINE" color="#052f47" />
        <color id="UNKNOWN_ITEM" color="#ffffff" />
        <color id="CHARM" color="#ffffff" />
        <color id="GENERIC" color="#dbdbdb" />
        <color id="GENERIC_OUTLINE" color="#333333" />
        <color id="CARD" color="#dbdbdb" />
        <color id="CARD_OUTLINE" color="#333333" />
        <color id="HEAD" color="#f8eb7c" />
        <color id="HEAD_OUTLINE" color="#382a01" />
        <color id="USABLE" color="#b4d7ec" />
        <color id="USABLE_OUTLINE" color="#052f47" />
        <color id="TORSO" color="#f8eb7c" />
        <color id="TORSO_OUTLINE" color="#382a01" />
        <color id="ONEHAND" color="#f8eb7c" />
        <color id="ONEHAND_OUTLINE" color="#382a01" />
        <color id="LEGS" color="#f8eb7c" />
        <color id="LEGS_OUTLINE" color="#382a01" />
        <color id="FEET" color="#f8eb7c" />
        <color id="FEET_OUTLINE" color="#382a01" />
        <color id="TWOHAND" color="#f8eb7c" />
        <color id="TWOHAND_OUTLINE" color="#382a01" />
        <color id="SHIELD" color="#f8eb7c" />
        <color id="SHIELD_OUTLINE" color="#382a01" />
        <color id="RING" color="#f8eb7c" />
        <color id="RING_OUTLINE" color="#382a01" />
        <color id="NECKLACE" color="#f8eb7c" />
        <color id="NECKLACE_OUTLINE" color="#382a01" />
        <color id="ARMS" color="#f8eb7c" />
        <color id="ARMS_OUTLINE" color="#382a01" />
        <color id="AMMO" color="#f8eb7c" />
        <color id="AMMO_OUTLINE" color="#382a01" />
        <color id="SERVER_VERSION_NOT_SUPPORTED" color="#DC0000" />
        <color id="WARNING" color="#FF0000" />
        <color id="CHAT" color="#ffffff" />
        <color id="CHAT_OUTLINE" color="#3f3f3f" />
        <color id="GM" color="#ff45fd" />
        <color id="GM_OUTLINE" color="#44033a" />
        <color id="GLOBAL" color="#ff45fd" />
        <color id="GLOBAL_OUTLINE" color="#44033a" />
        <color id="PLAYER" color="#bcdff4" />
        <color id="PLAYER_OUTLINE" color="#052f47" />
        <color id="PLAYER_ADVANCED" color="#f9eabc" />
        <color id="PLAYER_ADVANCED_OUTLINE" color="#3b2b04" />
        <color id="IS" color="#77deff" />
        <color id="IS_OUTLINE" color="#02232e" />
        <color id="SERVER" color="#a7ff2a" />
        <color id="SERVER_OUTLINE" color="#142200" />
        <color id="BROWSERBOX" color="#999999" />
        <color id="BROWSERBOX_OUTLINE" color="#000000" />
        <color id="BLACK" color="#999999" />
        <color id="BLACK_OUTLINE" color="#000000" />
        <color id="RED" color="#ff6565" />
        <color id="RED_OUTLINE" color="#470303" />
        <color id="GREEN" color="#57cb21" />
        <color id="GREEN_OUTLINE" color="#0b3102" />
        <color id="BLUE" color="#8080ff" />
        <color id="BLUE_OUTLINE" color="#060646" />
        <color id="ORANGE" color="#f1c777" />
        <color id="ORANGE_OUTLINE" color="#3d2201" />
        <color id="YELLOW" color="#f8eb7c" />
        <color id="YELLOW_OUTLINE" color="#382a01" />
        <color id="PINK" color="#ff90ee" />
        <color id="PINK_OUTLINE" color="#44033a" />
        <color id="PURPLE" color="#cd8cff" />
        <color id="PURPLE_OUTLINE" color="#260341" />
        <color id="GRAY" color="#dbdbdb" />
        <color id="GRAY_OUTLINE" color="#333333" />
        <color id="BROWN" color="#cb884c" />
        <color id="BROWN_OUTLINE" color="#271802" />
        <color id="OLDCHAT" color="#cb884c" />
        <color id="OLDCHAT_OUTLINE" color="#271802" />
        <color id="AWAYCHAT" color="#cb884c" />
        <color id="AWAYCHAT_OUTLINE" color="#271802" />
        <color id="STATUSBAR_ON" color="#646464" />
        <color id="STATUSBAR_OFF" color="#ffff00" />
        <color id="TABLE_BACKGROUND" color="#bfbfbf" />
        <color id="SLOTS_BAR" color="#ffffff" />
        <color id="SLOTS_BAR_OUTLINE" color="#000000" />
        <color id="HP_BAR" color="#ffffff" />
        <color id="HP_BAR_OUTLINE" color="#000000" />
        <color id="MP_BAR" color="#ffffff" />
        <color id="MP_BAR_OUTLINE" color="#000000" />
        <color id="NO_MP_BAR" color="#ffffff" />
        <color id="NO_MP_BAR_OUTLINE" color="#000000" />
        <color id="XP_BAR" color="#ffffff" />
        <color id="XP_BAR_OUTLINE" color="#000000" />
        <color id="WEIGHT_BAR" color="#ffffff" />
        <color id="WEIGHT_BAR_OUTLINE" color="#000000" />
        <color id="MONEY_BAR" color="#ffffff" />
        <color id="MONEY_BAR_OUTLINE" color="#000000" />
        <color id="ARROWS_BAR" color="#ffffff" />
        <color id="ARROWS_BAR_OUTLINE" color="#000000" />
        <color id="STATUS_BAR" color="#ffffff" />
        <color id="STATUS_BAR_OUTLINE" color="#000000" />
        <color id="JOB_BAR" color="#ffffff" />
        <color id="JOB_BAR_OUTLINE" color="#000000" />
    </palette>

    <palette id="2">
        <color id="SELFNICK" color="#402600" />
        <color id="TEXT" color="#402600" />
        <color id="TEXT_DISABLED" color="#402600" />
        <color id="CARET" color="#80561f" />
        <color id="SHADOW" color="#000000" />
        <color id="OUTLINE" color="#000000" />
        <color id="BORDER" color="#000000" />
        <color id="PROGRESS_BAR" color="#ffffff" />
        <color id="PROGRESS_BAR_OUTLINE" color="#000000" />
        <color id="BUTTON" color="#efd7a7" />
        <color id="BUTTON_OUTLINE" color="#000000" />
        <color id="BUTTON_HIGHLIGHTED" color="#f9eabc" />
        <color id="BUTTON_HIGHLIGHTED_OUTLINE" color="#000000" />
        <color id="BUTTON_PRESSED" color="#f9eabc" />
        <color id="BUTTON_PRESSED_OUTLINE" color="#000000" />
        <color id="BUTTON_DISABLED" color="#aaaaaa" />
        <color id="BUTTON_DISABLED_OUTLINE" color="#000000" />
        <color id="CHECKBOX" color="#000000" />
        <color id="DROPDOWN" color="#000000" />
        <color id="LABEL" color="#000000" />
        <color id="LISTBOX" color="#000000" />
        <color id="LISTBOX_SELECTED" color="#000000" />
        <color id="RADIOBUTTON" color="#000000" />
        <color id="POPUP" color="#f9eabc" />
        <color id="TAB" color="#efd7a7" />
        <color id="TAB_OUTLINE" color="#000000" />
        <color id="TAB_HIGHLIGHTED" color="#f8eacf" />
        <color id="TAB_HIGHLIGHTED_OUTLINE" color="#000000" />
        <color id="TAB_SELECTED" color="#f8eacf" />
        <color id="TAB_SELECTED_OUTLINE" color="#000000" />
        <color id="BATTLE_CHAT_TAB" color="#efd7a7" />
        <color id="BATTLE_CHAT_TAB_OUTLINE" color="#000000" />
        <color id="BATTLE_CHAT_TAB_HIGHLIGHTED" color="#f8eacf" />
        <color id="BATTLE_CHAT_TAB_HIGHLIGHTED_OUTLINE" color="#000000" />
        <color id="BATTLE_CHAT_TAB_SELECTED" color="#f8eacf" />
        <color id="BATTLE_CHAT_TAB_SELECTED_OUTLINE" color="#000000" />
        <color id="CHANNEL_CHAT_TAB" color="#efd7a7" />
        <color id="CHANNEL_CHAT_TAB_OUTLINE" color="#000000" />
        <color id="CHANNEL_CHAT_TAB_HIGHLIGHTED" color="#f8eacf" />
        <color id="CHANNEL_CHAT_TAB_HIGHLIGHTED_OUTLINE" color="#000000" />
        <color id="CHANNEL_CHAT_TAB_SELECTED" color="#f8eacf" />
        <color id="CHANNEL_CHAT_TAB_SELECTED_OUTLINE" color="#000000" />
        <color id="TEXTBOX" color="#000000" />
        <color id="TEXTFIELD" color="#000000" />
        <color id="WINDOW" color="#f1d9a9" />
        <color id="BACKGROUND" color="#ffffff" />
        <color id="BACKGROUND_GRAY" color="#404040" />
        <color id="SCROLLBAR_GRAY" color="#000000" />
        <color id="DROPDOWN_SHADOW" color="#c0c0c0" />
        <color id="HIGHLIGHT" color="#ebc873" />
        <color id="TAB_FLASH" color="#fec4ff" effect="pulse" />
        <color id="TAB_PLAYER_FLASH" color="#00ff00" effect="pulse" />
        <color id="SHOP_WARNING" color="#e07a7a" />
        <color id="ITEM_EQUIPPED" color="#000091" />
        <color id="ITEM_NOT_EQUIPPED" color="#000000" />
        <color id="CHAT" color="#f1d9a9" />
        <color id="GM" color="#fec4ff" />
        <color id="GLOBAL" color="#fec4ff" />
        <color id="PLAYER" color="#eeeeee" />
        <color id="IS" color="#edbedb" />
        <color id="SERVER" color="#edbedb" />
        <color id="LOGGER" color="#919191" />
        <color id="HYPERLINK" color="#9e1904" />
        <color id="UNKNOWN_ITEM" color="#ffffff" />
        <color id="CHARM" color="#ffffff" />
        <color id="GENERIC" color="#eeeeee" />
        <color id="CARD" color="#eeeeee" />
        <color id="HEAD" color="#b4d7ec" />
        <color id="USABLE" color="#ece9b4" />
        <color id="TORSO" color="#b4d7ec" />
        <color id="ONEHAND" color="#b4d7ec" />
        <color id="LEGS" color="#b4d7ec" />
        <color id="FEET" color="#b4d7ec" />
        <color id="TWOHAND" color="#b4d7ec" />
        <color id="SHIELD" color="#b4d7ec" />
        <color id="RING" color="#b4d7ec" />
        <color id="NECKLACE" color="#b4d7ec" />
        <color id="ARMS" color="#b4d7ec" />
        <color id="AMMO" color="#b4d7ec" />
        <color id="SERVER_VERSION_NOT_SUPPORTED" color="#DC0000" />
        <color id="WARNING" color="#FF0000" />
        <color id="PLAYER_ADVANCED" color="#005000" />
        <color id="BUBBLE_NAME" color="#cccccc" />
        <color id="BUBBLE_TEXT" color="#ffffff" />
        <color id="BROWSERBOX" color="#000000" />
        <color id="BLACK" color="#000000" />
        <color id="RED" color="#b71313" />
        <color id="GREEN" color="#307200" />
        <color id="BLUE" color="#174b96" />
        <color id="ORANGE" color="#f1c777" />
        <color id="YELLOW" color="#f8eb7c" />
        <color id="PINK" color="#91105f" />
        <color id="PURPLE" color="#5e1298" />
        <color id="GRAY" color="#dbdbdb" />
        <color id="BROWN" color="#8e4c17" />
        <color id="OLDCHAT" color="#8e4c17" />
        <color id="AWAYCHAT" color="#8e4c17" />
        <color id="STATUSBAR_ON" color="#646464" />
        <color id="STATUSBAR_OFF" color="#ffff00" />
        <color id="TABLE_BACKGROUND" color="#bfbfbf" />
        <color id="SLOTS_BAR" color="#ffffff" />
        <color id="SLOTS_BAR_OUTLINE" color="#000000" />
        <color id="HP_BAR" color="#ffffff" />
        <color id="HP_BAR_OUTLINE" color="#000000" />
        <color id="MP_BAR" color="#ffffff" />
        <color id="MP_BAR_OUTLINE" color="#000000" />
        <color id="NO_MP_BAR" color="#ffffff" />
        <color id="NO_MP_BAR_OUTLINE" color="#000000" />
        <color id="XP_BAR" color="#ffffff" />
        <color id="XP_BAR_OUTLINE" color="#000000" />
        <color id="WEIGHT_BAR" color="#ffffff" />
        <color id="WEIGHT_BAR_OUTLINE" color="#000000" />
        <color id="MONEY_BAR" color="#ffffff" />
        <color id="MONEY_BAR_OUTLINE" color="#000000" />
        <color id="ARROWS_BAR" color="#ffffff" />
        <color id="ARROWS_BAR_OUTLINE" color="#000000" />
        <color id="STATUS_BAR" color="#ffffff" />
        <color id="STATUS_BAR_OUTLINE" color="#000000" />
        <color id="JOB_BAR" color="#ffffff" />
        <color id="JOB_BAR_OUTLINE" color="#000000" />
    </palette>

    <progressbar id="HP" color="#b80000" />
    <progressbar id="HP_POISON" color="#ffff00,70ff00,50ff00,30ff00" />
    <progressbar id="MP" color="#1a66e6" />
    <progressbar id="NO_MP" color="#646464" />
    <progressbar id="EXP" color="#8fc0d3" />
    <progressbar id="INVY_SLOTS" color="#e1c819" />
    <progressbar id="WEIGHT" color="#0000ff,ffff00,ff0000" />
    <progressbar id="JOB" color="#e187cb" />
    <progressbar id="UPDATE" color="#969696" />
    <progressbar id="MONEY" color="#e1c819" />
    <progressbar id="ARROWS" color="#e1c819" />
    <progressbar id="STATUS" color="#8fc0d3" />
</colors>
