<?xml version="1.0" encoding="utf-8"?>
<emotes>
    <its:rules xmlns:its="http://www.w3.org/2005/11/its" version="1.0">
        <its:translateRule selector="//emote/sprite/@name" translate="yes"/>
        <its:translateRule selector="//*" translate="no"/>
    </its:rules>

    <emote id="100"><sprite name="Kitty" variant="0">manaplus_emote.xml</sprite></emote>
    <emote id="101"><sprite name="xD" variant="1">manaplus_emote.xml</sprite></emote>
    <emote id="102"><sprite name="^.^" variant="2">manaplus_emote.xml</sprite></emote>
    <emote id="103"><sprite name="Heart eye" variant="3">manaplus_emote.xml</sprite></emote>
    <emote id="104"><sprite name="Gold eye" variant="4">manaplus_emote.xml</sprite></emote>
    <emote id="105"><sprite name="Sleepy" variant="5">manaplus_emote.xml</sprite></emote>
    <emote id="106"><sprite name="u.u" variant="6">manaplus_emote.xml</sprite></emote>
    <emote id="107"><sprite name="-.-'" variant="7">manaplus_emote.xml</sprite></emote>
    <emote id="108"><sprite name="Surprised" variant="8">manaplus_emote.xml</sprite></emote>
    <emote id="109"><sprite name="Dead" variant="9">manaplus_emote.xml</sprite></emote>
    <emote id="110"><sprite name="Look away" variant="10">manaplus_emote.xml</sprite></emote>
    <emote id="111"><sprite name="Sad" variant="11">manaplus_emote.xml</sprite></emote>
    <emote id="112"><sprite name="Palmhead" variant="12">manaplus_emote.xml</sprite></emote>
    <emote id="113"><sprite name="Evil" variant="13">manaplus_emote.xml</sprite></emote>
    <emote id="114"><sprite name="Angry" variant="14">manaplus_emote.xml</sprite></emote>
    <emote id="115"><sprite name="Purple Sad" variant="15">manaplus_emote.xml</sprite></emote>
    <emote id="116"><sprite name="Insult Buble" variant="16">manaplus_emote.xml</sprite></emote>
    <emote id="117"><sprite name="Heart" variant="17">manaplus_emote.xml</sprite></emote>
    <emote id="118"><sprite name="Emote" variant="18">manaplus_emote.xml</sprite></emote>
    <emote id="119"><sprite name="Pumpkin" variant="19">manaplus_emote.xml</sprite></emote>
    <emote id="120"><sprite name="Evil" variant="20">manaplus_emote.xml</sprite></emote>
    <emote id="121"><sprite name="Epic" variant="21">manaplus_emote.xml</sprite></emote>
    <emote id="122"><sprite name="Bad geek" variant="22">manaplus_emote.xml</sprite></emote>
    <emote id="123"><sprite name="Mimi" variant="23">manaplus_emote.xml</sprite></emote>
    <emote id="124"><sprite name="Alien" variant="24">manaplus_emote.xml</sprite></emote>
    <emote id="125"><sprite name="Troll" variant="25">manaplus_emote.xml</sprite></emote>
    <emote id="126"><sprite name="Metal" variant="26">manaplus_emote.xml</sprite></emote>
    <emote id="127"><sprite name="Crying" variant="27">manaplus_emote.xml</sprite></emote>
</emotes>
