<?xml version="1.0" encoding="utf-8"?>
<colors>
    <palette id="0">
        <color id="BROWSERBOX" color="#7a7972" />
        <color id="SELFNICK" color="#7a7972" />
        <color id="TEXT" color="#7a7972" />
        <color id="TEXT_DISABLED" color="#7a7972" />
        <color id="CARET" color="#7a7972" />
        <color id="SHADOW" color="#000000" />
        <color id="OUTLINE" color="#000000" />
        <color id="BORDER" color="#000000" />
        <color id="PROGRESS_BAR" color="#ffffff" />
        <color id="PROGRESS_BAR_OUTLINE" color="#000000" />
        <color id="BUTTON" color="#000000" />
        <color id="BUTTON_HIGHLIGHTED" color="#000000" />
        <color id="BUTTON_PRESSED" color="#000000" />
        <color id="BUTTON_DISABLED" color="#333333" />
        <color id="CHECKBOX" color="#000000" />
        <color id="DROPDOWN" color="#000000" />
        <color id="LABEL" color="#000000" />
        <color id="LISTBOX" color="#000000" />
        <color id="LISTBOX_SELECTED" color="#000000" />
        <color id="RADIOBUTTON" color="#000000" />
        <color id="POPUP" color="#000000" />
        <color id="TAB" color="#000000" />
        <color id="TAB_HIGHLIGHTED" color="#000000" />
        <color id="TAB_SELECTED" color="#000000" />
        <color id="BATTLE_CHAT_TAB" color="#000000" />
        <color id="BATTLE_CHAT_TAB_HIGHLIGHTED" color="#000000" />
        <color id="BATTLE_CHAT_TAB_SELECTED" color="#000000" />
        <color id="CHANNEL_CHAT_TAB" color="#000000" />
        <color id="CHANNEL_CHAT_TAB_HIGHLIGHTED" color="#000000" />
        <color id="CHANNEL_CHAT_TAB_SELECTED" color="#000000" />
        <color id="TEXTBOX" color="#000000" />
        <color id="TEXTFIELD" color="#000000" />
        <color id="WINDOW" color="#000000" />
        <color id="PARTY_CHAT_TAB" color="#ff00d8" />
        <color id="PARTY_SOCIAL_TAB" color="#ff00d8" />
        <color id="GUILD_CHAT_TAB" color="#ff00d8" />
        <color id="CLAN_CHAT_TAB" color="#ff00d8" />
        <color id="GUILD_SOCIAL_TAB" color="#ff00d8" />
        <color id="GM_CHAT_TAB" color="#ff00d8" />
        <color id="PARTY_CHAT_TAB_HIGHLIGHTED" color="#ff00d8" />
        <color id="PARTY_SOCIAL_TAB_HIGHLIGHTED" color="#ff00d8" />
        <color id="GUILD_CHAT_TAB_HIGHLIGHTED" color="#ff00d8" />
        <color id="CLAN_CHAT_TAB_HIGHLIGHTED" color="#ff00d8" />
        <color id="GUILD_SOCIAL_TAB_HIGHLIGHTED" color="#ff00d8" />
        <color id="GM_CHAT_TAB_HIGHLIGHTED" color="#ff00d8" />
        <color id="PARTY_CHAT_TAB_SELECTED" color="#ff00d8" />
        <color id="PARTY_SOCIAL_TAB_SELECTED" color="#ff00d8" />
        <color id="GUILD_CHAT_TAB_SELECTED" color="#ff00d8" />
        <color id="CLAN_CHAT_TAB_SELECTED" color="#ff00d8" />
        <color id="GUILD_SOCIAL_TAB_SELECTED" color="#ff00d8" />
        <color id="GM_CHAT_TAB_SELECTED" color="#ff00d8" />
        <color id="BACKGROUND" color="#ffffff" />
        <color id="BACKGROUND_GRAY" color="#404040" />
        <color id="SCROLLBAR_GRAY" color="#000000" />
        <color id="DROPDOWN_SHADOW" color="#c0c0c0" />
        <color id="HIGHLIGHT" color="#361c00" />
        <color id="TAB_FLASH" color="#000000" effect="pulse" />
        <color id="TAB_PLAYER_FLASH" color="#00ff00" effect="pulse" />
        <color id="SHOP_WARNING" color="#910000" />
        <color id="ITEM_EQUIPPED" color="#000091" />
        <color id="ITEM_NOT_EQUIPPED" color="#000000" />
        <color id="CHAT" color="#744c04" />
        <color id="GM" color="#ff0000" />
        <color id="GLOBAL" color="#ff0000" />
        <color id="PLAYER" color="#00ff00" />
        <color id="WHISPER_TAB" color="#0000ff" />
        <color id="WHISPER_TAB_OFFLINE" color="#0000e0" />
        <color id="WHISPER_TAB_HIGHLIGHTED" color="#0000ff" />
        <color id="WHISPER_TAB_OFFLINE_HIGHLIGHTED" color="#0000e0" />
        <color id="WHISPER_TAB_SELECTED" color="#0000ff" />
        <color id="WHISPER_TAB_OFFLINE_SELECTED" color="#0000e0" />
        <color id="IS" color="#a08527" />
        <color id="SERVER" color="#8415e2" />
        <color id="LOGGER" color="#919191" />
        <color id="HYPERLINK" color="#e50d0d" />
        <color id="UNKNOWN_ITEM" color="#000000" />
        <color id="CHARM" color="#000000" />
        <color id="GENERIC" color="#21a5b1" />
        <color id="CARD" color="#21a5b1" />
        <color id="HEAD" color="#527fa4" />
        <color id="USABLE" color="#268d24" />
        <color id="TORSO" color="#d12aa4" />
        <color id="ONEHAND" color="#f42a2a" />
        <color id="LEGS" color="#699900" />
        <color id="FEET" color="#aa1d48" />
        <color id="TWOHAND" color="#f46d0e" />
        <color id="SHIELD" color="#9c2424" />
        <color id="RING" color="#0000ff" />
        <color id="NECKLACE" color="#ff00ff" />
        <color id="ARMS" color="#d26311" />
        <color id="AMMO" color="#aa3c05" />
        <color id="WARNING" color="#FF0000" />
        <color id="PLAYER_ADVANCED" color="#005000" />
        <color id="BUBBLE_NAME" color="#000000" />
        <color id="BUBBLE_TEXT" color="#000000" />
        <color id="STATUSBAR_ON" color="#646464" />
        <color id="STATUSBAR_OFF" color="#ffff00" />
        <color id="TABLE_BACKGROUND" color="#bfbfbf" />
        <color id="SLOTS_BAR" color="#ffffff" />
        <color id="SLOTS_BAR_OUTLINE" color="#000000" />
        <color id="HP_BAR" color="#ffffff" />
        <color id="HP_BAR_OUTLINE" color="#000000" />
        <color id="MP_BAR" color="#ffffff" />
        <color id="MP_BAR_OUTLINE" color="#000000" />
        <color id="NO_MP_BAR" color="#ffffff" />
        <color id="NO_MP_BAR_OUTLINE" color="#000000" />
        <color id="XP_BAR" color="#ffffff" />
        <color id="XP_BAR_OUTLINE" color="#000000" />
        <color id="WEIGHT_BAR" color="#ffffff" />
        <color id="WEIGHT_BAR_OUTLINE" color="#000000" />
        <color id="MONEY_BAR" color="#ffffff" />
        <color id="MONEY_BAR_OUTLINE" color="#000000" />
        <color id="ARROWS_BAR" color="#ffffff" />
        <color id="ARROWS_BAR_OUTLINE" color="#000000" />
        <color id="STATUS_BAR" color="#ffffff" />
        <color id="STATUS_BAR_OUTLINE" color="#000000" />
        <color id="JOB_BAR" color="#ffffff" />
        <color id="JOB_BAR_OUTLINE" color="#000000" />

        <color id="BLACK" color="#7a7972" />
        <color id="RED" color="#ff0000" />
        <color id="GREEN" color="#009000" />
        <color id="BLUE" color="#0000ff" />
        <color id="ORANGE" color="#e0980e" />
        <color id="YELLOW" color="#f1dc27" />
        <color id="PINK" color="#ff00d8" />
        <color id="PURPLE" color="#8415e2" />
        <color id="GRAY" color="#919191" />
        <color id="BROWN" color="#8e4c17" />
        <color id="OLDCHAT" color="#8e4c17" />
        <color id="AWAYCHAT" color="#8e4c17" />
        <color id="SKILL_COOLDOWN" color="#5090ff" />
    </palette>

    <progressbar id="HP" color="#ff0000,e28000,c38948,0f6a20" />
    <progressbar id="HP_POISON" color="#ffff00,70ff00,50ff00,30ff00" />
    <progressbar id="MP" color="#1a66e6" />
    <progressbar id="NO_MP" color="#646464" />
    <progressbar id="EXP" color="#8fc0d3" />
    <progressbar id="INVY_SLOTS" color="#e1c819" />
    <progressbar id="WEIGHT" color="#0000ff,ffff00,ff0000" />
    <progressbar id="JOB" color="#e187cb" />
    <progressbar id="UPDATE" color="#969696" />
    <progressbar id="MONEY" color="#e1c819" />
    <progressbar id="ARROWS" color="#e1c819" />
    <progressbar id="STATUS" color="#8fc0d3" />
</colors>
