<?xml version="1.0" encoding="utf-8"?>
<skinset name="SpeechBubble" image="bubble.png">
    <widget type="Window">
        <!-- Top Row -->
        <part type="top-left-corner" xpos="0" ypos="0" width="5" height="5" />
        <part type="top-edge" xpos="5" ypos="0" width="5" height="5" />
        <part type="top-right-corner" xpos="10" ypos="0" width="5" height="5" />

        <!-- Middle Row -->
        <part type="left-edge" xpos="10" ypos="5" width="5" height="5" />
        <part type="bg-quad" xpos="15" ypos="5" width="5" height="5" />
        <part type="right-edge" xpos="10" ypos="5" width="5" height="5" />

        <!-- Bottom Row -->
        <part type="bottom-left-corner" xpos="0" ypos="10" width="5" height="5" />
        <part type="bottom-edge" xpos="5" ypos="10" width="5" height="5" />
        <part type="bottom-right-corner" xpos="10" ypos="10" width="5" height="5" />
    </widget>
</skinset>
