<?xml version="1.0" encoding="utf-8"?>
<skinset name="Default" image="window.png">
    <widget type="Window" xpos="190" ypos="0">
        <option name="padding" value="0" />
        <option name="imagePadding" value="0" />
        <option name="imageSize" value="9" />
        <option name="spacing" value="2" />
        <option name="drawBox" value="1" />

        <part type="normal" xpos="0" ypos="0" width="9" height="9" />
        <part type="checked" xpos="9" ypos="0" width="9" height="9" />
        <part type="disabled" xpos="18" ypos="0" width="9" height="9" />
        <part type="disabled-checked" xpos="27" ypos="0" width="9" height="9" />
        <part type="normal-highlighted" xpos="36" ypos="0" width="9" height="9" />
        <part type="checked-highlighted" xpos="45" ypos="0" width="9" height="9" />
    </widget>
</skinset>
