<?xml version="1.0" encoding="utf-8"?>
<skinset name="Default" image="window.png">
    <widget type="Window" xpos="75" ypos="186">
        <option name="drawbackground" value="1" />
        <option name="offsetX" value="-16" />
        <option name="offsetY" value="-32" />
        <option name="frameSize" value="2" />

        <!-- Top Row -->
        <part type="top-left-corner" xpos="0" ypos="0" width="4" height="4" />
        <part type="top-edge" xpos="3" ypos="0" width="26" height="4" />
        <part type="top-right-corner" xpos="28" ypos="0" width="4" height="4" />

        <!-- Middle Row -->
        <part type="left-edge" xpos="0" ypos="3" width="4" height="26" />
        <part type="bg-quad" xpos="3" ypos="3" width="26" height="26" />
        <part type="right-edge" xpos="28" ypos="3" width="4" height="26" />

        <!-- Bottom Row -->
        <part type="bottom-left-corner" xpos="0" ypos="28" width="4" height="4" />
        <part type="bottom-edge" xpos="3" ypos="28" width="26" height="4" />
        <part type="bottom-right-corner" xpos="28" ypos="28" width="4" height="4" />
    </widget>
</skinset>
