<?xml version="1.0" encoding="utf-8"?>
<skinset name="Default" image="window.png">
    <widget type="Window" xpos="73" ypos="164">
        <!-- Top Row -->
        <part type="top-left-corner" xpos="0" ypos="0" width="4" height="4" />
        <part type="top-edge" xpos="4" ypos="0" width="3" height="4" />
        <part type="top-right-corner" xpos="7" ypos="0" width="4" height="4" />

        <!-- Middle Row -->
        <part type="left-edge" xpos="0" ypos="4" width="4" height="10" />
        <part type="bg-quad" xpos="4" ypos="4" width="3" height="10" />
        <part type="right-edge" xpos="7" ypos="4" width="4" height="10" />

        <!-- Bottom Row -->
        <part type="bottom-left-corner" xpos="0" ypos="15" width="4" height="4" />
        <part type="bottom-edge" xpos="4" ypos="15" width="3" height="4" />
        <part type="bottom-right-corner" xpos="7" ypos="15" width="4" height="4" />
    </widget>
</skinset>
