<?xml version="1.0" encoding="utf-8"?>
<!-- Author : 4144
(C) ManaPlus Developers 2014-2016 -->
<commands>
    <command id="0"
             name="lum"
             command="#lum"
             comment="heal with lifestones"
             target="allow target"
             icon=""
             skill1="340"
             level1="1"
             skill2="341"
             level2="0"
             mana="6"
    />
    <command id="1"
             name="inm"
             command="#inma"
             comment=""
             target="need target"
             icon=""
             skill1="340"
             level1="2"
             skill2="341"
             level2="2"
             mana="10"
    />
    <command id="2"
             name="fla"
             command="#flar"
             comment=""
             target="no target"
             icon=""
             skill1="340"
             level1="1"
             skill2="342"
             level2="0"
             mana="10"
    />
    <command id="3"
             name="chi"
             command="#chiza"
             comment=""
             target="no target"
             icon=""
             skill1="340"
             level1="1"
             skill2="342"
             level2="0"
             mana="9"
    />
    <command id="4"
             name="ing"
             command="#ingrav"
             comment=""
             target="no target"
             icon=""
             skill1="340"
             level1="2"
             skill2="342"
             level2="2"
             mana="20"
    />
    <command id="5"
             name="fri"
             command="#frillyar"
             comment=""
             target="no target"
             icon=""
             skill1="340"
             level1="2"
             skill2="342"
             level2="2"
             mana="25"
    />
    <command id="6"
             name="upm"
             command="#upmarmu"
             comment=""
             target="no target"
             icon=""
             skill1="340"
             level1="2"
             skill2="342"
             level2="2"
             mana="20"
    />
    <command id="7"
             name="ite"
             command="#itenplz"
             comment=""
             target="no target"
             icon=""
             skill1="340"
             level1="1"
             skill2="344"
             level2="0"
             mana="3"
    />
    <command id="8"
             name="bet"
             command="#betsanc"
             comment=""
             target="allow target"
             icon=""
             skill1="340"
             level1="2"
             skill2="344"
             level2="2"
             mana="14"
    />
    <command id="9"
             name="abi"
             command="#abizit"
             comment=""
             target="no target"
             icon=""
             skill1="340"
             level1="1"
             skill2="340"
             level2="1"
             mana="1"
    />
    <command id="10"
             name="inv"
             command="#inwilt"
             comment=""
             target="no target"
             icon=""
             skill1="340"
             level1="2"
             skill2="340"
             level2="2"
             mana="7"
    />
    <command id="11"
             name="hi"
             command="hi"
             comment=""
             target="no target"
             icon=""
    />
    <command id="12"
             name="hea"
             command="heal"
             comment=""
             target="no target"
             icon=""
    />
    <command id="13"
             name="@sp"
             command="@spawn maggot 10"
             comment=""
             target="no target"
             icon=""
    />
</commands>
